Attack;BCI attempt;BCIConfidence;BCIState;BCIThresholdBuffer;Email;Event;Framecount;Gamemode;GoblinName;InputNumber;Nr of Turns;Player Health;Player Mana;PlayerTurn;SessionID;Success BCI;Take Damage;Timestamp
NULL;NULL;NULL;Connecting;NULL;anonymous;BCIStateUpdated;7568;NULL;NULL;NULL;NULL;NULL;NULL;NULL;177ed70f-b65c-41bc-8cec-84c29c082cfd;NULL;NULL;2023-05-11 13:30:59.8421
NULL;NULL;NULL;NULL;NULL;anonymous;Scene Start;7568;Battery;NULL;NULL;NULL;NULL;NULL;NULL;177ed70f-b65c-41bc-8cec-84c29c082cfd;NULL;NULL;2023-05-11 13:30:59.8457
NULL;NULL;NULL;NULL;NULL;anonymous;Start Player Turn;7568;NULL;NULL;NULL;1;NULL;NULL;TRUE;177ed70f-b65c-41bc-8cec-84c29c082cfd;NULL;NULL;2023-05-11 13:30:59.8501
NULL;NULL;NULL;ReceivingHeader;NULL;anonymous;BCIStateUpdated;7591;NULL;NULL;NULL;NULL;NULL;NULL;NULL;177ed70f-b65c-41bc-8cec-84c29c082cfd;NULL;NULL;2023-05-11 13:31:00.4372
NULL;NULL;NULL;ReceivingData;NULL;anonymous;BCIStateUpdated;7591;NULL;NULL;NULL;NULL;NULL;NULL;NULL;177ed70f-b65c-41bc-8cec-84c29c082cfd;NULL;NULL;2023-05-11 13:31:00.4372
NULL;NULL;NULL;NULL;NULL;anonymous;Player Moving;7760;NULL;NULL;NULL;NULL;NULL;NULL;NULL;177ed70f-b65c-41bc-8cec-84c29c082cfd;NULL;NULL;2023-05-11 13:31:04.4468
NULL;NULL;NULL;NULL;NULL;anonymous;End Player Turn;7943;NULL;NULL;NULL;1;NULL;NULL;FALSE;177ed70f-b65c-41bc-8cec-84c29c082cfd;NULL;NULL;2023-05-11 13:31:08.4240
NULL;NULL;NULL;NULL;NULL;anonymous;Start Goblin Turn;7943;NULL;NULL;NULL;1;NULL;NULL;FALSE;177ed70f-b65c-41bc-8cec-84c29c082cfd;NULL;NULL;2023-05-11 13:31:08.4240
NULL;NULL;NULL;NULL;NULL;anonymous;Start Goblin Turn;7991;NULL;NULL;NULL;1;NULL;NULL;FALSE;177ed70f-b65c-41bc-8cec-84c29c082cfd;NULL;NULL;2023-05-11 13:31:09.5987
NULL;NULL;NULL;NULL;NULL;anonymous;Player Hurt;8005;NULL;NULL;NULL;NULL;19.0000;0.0000;NULL;177ed70f-b65c-41bc-8cec-84c29c082cfd;NULL;1;2023-05-11 13:31:09.9256
NULL;NULL;NULL;NULL;NULL;anonymous;Start Goblin Turn;8006;NULL;NULL;NULL;1;NULL;NULL;FALSE;177ed70f-b65c-41bc-8cec-84c29c082cfd;NULL;NULL;2023-05-11 13:31:09.9448
NULL;NULL;NULL;NULL;NULL;anonymous;Start Goblin Turn;8041;NULL;NULL;NULL;1;NULL;NULL;FALSE;177ed70f-b65c-41bc-8cec-84c29c082cfd;NULL;NULL;2023-05-11 13:31:10.8129
NULL;NULL;NULL;NULL;NULL;anonymous;Start Goblin Turn;8092;NULL;NULL;NULL;1;NULL;NULL;FALSE;177ed70f-b65c-41bc-8cec-84c29c082cfd;NULL;NULL;2023-05-11 13:31:12.0458
NULL;NULL;NULL;NULL;NULL;anonymous;Start Goblin Turn;8102;NULL;NULL;NULL;1;NULL;NULL;FALSE;177ed70f-b65c-41bc-8cec-84c29c082cfd;NULL;NULL;2023-05-11 13:31:12.2981
NULL;NULL;NULL;NULL;NULL;anonymous;End Goblin Turn;8123;NULL;NULL;NULL;NULL;NULL;NULL;NULL;177ed70f-b65c-41bc-8cec-84c29c082cfd;NULL;NULL;2023-05-11 13:31:12.7967
NULL;NULL;NULL;NULL;NULL;anonymous;Start Player Turn;8124;NULL;NULL;NULL;2;NULL;NULL;TRUE;177ed70f-b65c-41bc-8cec-84c29c082cfd;NULL;NULL;2023-05-11 13:31:12.8108
NULL;NULL;0.8229;ReceivingData;NULL;anonymous;MotorImagery;8256;NULL;NULL;1;NULL;NULL;NULL;NULL;177ed70f-b65c-41bc-8cec-84c29c082cfd;NULL;NULL;2023-05-11 13:31:16.0987
NULL;NULL;NULL;NULL;(0.844 0.828 0.823 0.713 0.796 0.833 0.843 0.851 );anonymous;NULL;8256;NULL;NULL;NULL;NULL;NULL;NULL;NULL;177ed70f-b65c-41bc-8cec-84c29c082cfd;NULL;NULL;2023-05-11 13:31:16.0987
NULL;NULL;NULL;NULL;NULL;anonymous;RegenMana;8256;NULL;NULL;NULL;NULL;19.0000;0.0000;NULL;177ed70f-b65c-41bc-8cec-84c29c082cfd;NULL;1;2023-05-11 13:31:16.0987
NULL;1;NULL;NULL;NULL;anonymous;BciSuccess;8256;NULL;NULL;NULL;NULL;NULL;NULL;NULL;177ed70f-b65c-41bc-8cec-84c29c082cfd;TRUE;NULL;2023-05-11 13:31:16.0997
NULL;NULL;0.8229;ReceivingData;NULL;anonymous;MotorImagery;8616;NULL;NULL;2;NULL;NULL;NULL;NULL;177ed70f-b65c-41bc-8cec-84c29c082cfd;NULL;NULL;2023-05-11 13:31:25.0909
NULL;NULL;NULL;NULL;(0.844 0.828 0.823 0.713 0.796 0.833 0.843 0.851 );anonymous;NULL;8616;NULL;NULL;NULL;NULL;NULL;NULL;NULL;177ed70f-b65c-41bc-8cec-84c29c082cfd;NULL;NULL;2023-05-11 13:31:25.0909
NULL;NULL;NULL;NULL;NULL;anonymous;RegenMana;8616;NULL;NULL;NULL;NULL;19.0000;2.0000;NULL;177ed70f-b65c-41bc-8cec-84c29c082cfd;NULL;1;2023-05-11 13:31:25.0922
NULL;2;NULL;NULL;NULL;anonymous;BciSuccess;8616;NULL;NULL;NULL;NULL;NULL;NULL;NULL;177ed70f-b65c-41bc-8cec-84c29c082cfd;TRUE;NULL;2023-05-11 13:31:25.0922
NULL;NULL;0.8229;ReceivingData;NULL;anonymous;MotorImagery;9122;NULL;NULL;3;NULL;NULL;NULL;NULL;177ed70f-b65c-41bc-8cec-84c29c082cfd;NULL;NULL;2023-05-11 13:31:37.7514
NULL;NULL;NULL;NULL;(0.844 0.828 0.823 0.713 0.796 0.833 0.843 0.851 );anonymous;NULL;9122;NULL;NULL;NULL;NULL;NULL;NULL;NULL;177ed70f-b65c-41bc-8cec-84c29c082cfd;NULL;NULL;2023-05-11 13:31:37.7524
NULL;NULL;NULL;NULL;NULL;anonymous;RegenMana;9122;NULL;NULL;NULL;NULL;19.0000;4.0000;NULL;177ed70f-b65c-41bc-8cec-84c29c082cfd;NULL;1;2023-05-11 13:31:37.7524
NULL;3;NULL;NULL;NULL;anonymous;BciSuccess;9122;NULL;NULL;NULL;NULL;NULL;NULL;NULL;177ed70f-b65c-41bc-8cec-84c29c082cfd;TRUE;NULL;2023-05-11 13:31:37.7524
NULL;NULL;0.8229;ReceivingData;NULL;anonymous;MotorImagery;9386;NULL;NULL;4;NULL;NULL;NULL;NULL;177ed70f-b65c-41bc-8cec-84c29c082cfd;NULL;NULL;2023-05-11 13:31:44.3420
NULL;NULL;NULL;NULL;(0.844 0.828 0.823 0.713 0.796 0.833 0.843 0.851 );anonymous;NULL;9386;NULL;NULL;NULL;NULL;NULL;NULL;NULL;177ed70f-b65c-41bc-8cec-84c29c082cfd;NULL;NULL;2023-05-11 13:31:44.3430
NULL;NULL;NULL;NULL;NULL;anonymous;RegenMana;9386;NULL;NULL;NULL;NULL;19.0000;6.0000;NULL;177ed70f-b65c-41bc-8cec-84c29c082cfd;NULL;1;2023-05-11 13:31:44.3445
NULL;4;NULL;NULL;NULL;anonymous;BciSuccess;9386;NULL;NULL;NULL;NULL;NULL;NULL;NULL;177ed70f-b65c-41bc-8cec-84c29c082cfd;TRUE;NULL;2023-05-11 13:31:44.3445
NULL;NULL;NULL;NULL;NULL;anonymous;Start Goblin Turn;9445;NULL;NULL;NULL;2;NULL;NULL;FALSE;177ed70f-b65c-41bc-8cec-84c29c082cfd;NULL;NULL;2023-05-11 13:31:45.8574
NULL;NULL;NULL;NULL;NULL;anonymous;Start Goblin Turn;9453;NULL;NULL;NULL;2;NULL;NULL;FALSE;177ed70f-b65c-41bc-8cec-84c29c082cfd;NULL;NULL;2023-05-11 13:31:46.0573
NULL;NULL;NULL;NULL;NULL;anonymous;Player Hurt;9455;NULL;NULL;NULL;NULL;18.0000;8.0000;NULL;177ed70f-b65c-41bc-8cec-84c29c082cfd;NULL;2;2023-05-11 13:31:46.1059
NULL;NULL;NULL;NULL;NULL;anonymous;Start Goblin Turn;9455;NULL;NULL;NULL;2;NULL;NULL;FALSE;177ed70f-b65c-41bc-8cec-84c29c082cfd;NULL;NULL;2023-05-11 13:31:46.1079
NULL;NULL;NULL;NULL;NULL;anonymous;Start Goblin Turn;9488;NULL;NULL;NULL;2;NULL;NULL;FALSE;177ed70f-b65c-41bc-8cec-84c29c082cfd;NULL;NULL;2023-05-11 13:31:46.9400
NULL;NULL;NULL;NULL;NULL;anonymous;Start Goblin Turn;9521;NULL;NULL;NULL;2;NULL;NULL;FALSE;177ed70f-b65c-41bc-8cec-84c29c082cfd;NULL;NULL;2023-05-11 13:31:47.7751
NULL;NULL;NULL;NULL;NULL;anonymous;Start Goblin Turn;9582;NULL;NULL;NULL;2;NULL;NULL;FALSE;177ed70f-b65c-41bc-8cec-84c29c082cfd;NULL;NULL;2023-05-11 13:31:49.2918
NULL;NULL;NULL;NULL;NULL;anonymous;End Goblin Turn;9591;NULL;NULL;NULL;NULL;NULL;NULL;NULL;177ed70f-b65c-41bc-8cec-84c29c082cfd;NULL;NULL;2023-05-11 13:31:49.5297
NULL;NULL;NULL;NULL;NULL;anonymous;Start Player Turn;9592;NULL;NULL;NULL;3;NULL;NULL;TRUE;177ed70f-b65c-41bc-8cec-84c29c082cfd;NULL;NULL;2023-05-11 13:31:49.5488
1;NULL;NULL;NULL;NULL;anonymous;Player Attacking;9686;NULL;NULL;NULL;NULL;NULL;NULL;NULL;177ed70f-b65c-41bc-8cec-84c29c082cfd;NULL;NULL;2023-05-11 13:31:52.0172
NULL;NULL;NULL;NULL;NULL;anonymous;Goblin Death;9716;NULL;Goblin 2 Variant (1);NULL;NULL;NULL;NULL;NULL;177ed70f-b65c-41bc-8cec-84c29c082cfd;NULL;NULL;2023-05-11 13:31:52.8470
NULL;NULL;NULL;NULL;NULL;anonymous;Start Goblin Turn;9756;NULL;NULL;NULL;3;NULL;NULL;FALSE;177ed70f-b65c-41bc-8cec-84c29c082cfd;NULL;NULL;2023-05-11 13:31:53.8827
NULL;NULL;NULL;NULL;NULL;anonymous;Start Goblin Turn;9779;NULL;NULL;NULL;3;NULL;NULL;FALSE;177ed70f-b65c-41bc-8cec-84c29c082cfd;NULL;NULL;2023-05-11 13:31:54.4315
NULL;NULL;NULL;NULL;NULL;anonymous;Start Goblin Turn;9800;NULL;NULL;NULL;3;NULL;NULL;FALSE;177ed70f-b65c-41bc-8cec-84c29c082cfd;NULL;NULL;2023-05-11 13:31:54.9494
NULL;NULL;NULL;NULL;NULL;anonymous;Start Goblin Turn;9835;NULL;NULL;NULL;3;NULL;NULL;FALSE;177ed70f-b65c-41bc-8cec-84c29c082cfd;NULL;NULL;2023-05-11 13:31:55.7845
NULL;NULL;NULL;NULL;NULL;anonymous;Start Goblin Turn;9863;NULL;NULL;NULL;3;NULL;NULL;FALSE;177ed70f-b65c-41bc-8cec-84c29c082cfd;NULL;NULL;2023-05-11 13:31:56.4308
NULL;NULL;NULL;NULL;NULL;anonymous;End Goblin Turn;9904;NULL;NULL;NULL;NULL;NULL;NULL;NULL;177ed70f-b65c-41bc-8cec-84c29c082cfd;NULL;NULL;2023-05-11 13:31:57.4157
NULL;NULL;NULL;NULL;NULL;anonymous;Start Player Turn;9905;NULL;NULL;NULL;4;NULL;NULL;TRUE;177ed70f-b65c-41bc-8cec-84c29c082cfd;NULL;NULL;2023-05-11 13:31:57.4535
NULL;NULL;NULL;NULL;NULL;anonymous;Player Moving;9954;NULL;NULL;NULL;NULL;NULL;NULL;NULL;177ed70f-b65c-41bc-8cec-84c29c082cfd;NULL;NULL;2023-05-11 13:31:58.7294
NULL;NULL;NULL;NULL;NULL;anonymous;End Player Turn;10085;NULL;NULL;NULL;4;NULL;NULL;FALSE;177ed70f-b65c-41bc-8cec-84c29c082cfd;NULL;NULL;2023-05-11 13:32:01.9359
NULL;NULL;NULL;NULL;NULL;anonymous;Start Goblin Turn;10085;NULL;NULL;NULL;4;NULL;NULL;FALSE;177ed70f-b65c-41bc-8cec-84c29c082cfd;NULL;NULL;2023-05-11 13:32:01.9369
NULL;NULL;NULL;NULL;NULL;anonymous;Start Goblin Turn;10151;NULL;NULL;NULL;4;NULL;NULL;FALSE;177ed70f-b65c-41bc-8cec-84c29c082cfd;NULL;NULL;2023-05-11 13:32:03.3885
NULL;NULL;NULL;NULL;NULL;anonymous;Start Goblin Turn;10181;NULL;NULL;NULL;4;NULL;NULL;FALSE;177ed70f-b65c-41bc-8cec-84c29c082cfd;NULL;NULL;2023-05-11 13:32:04.0581
NULL;NULL;NULL;NULL;NULL;anonymous;Start Goblin Turn;10184;NULL;NULL;NULL;4;NULL;NULL;FALSE;177ed70f-b65c-41bc-8cec-84c29c082cfd;NULL;NULL;2023-05-11 13:32:04.1216
NULL;NULL;NULL;NULL;NULL;anonymous;Start Goblin Turn;10248;NULL;NULL;NULL;4;NULL;NULL;FALSE;177ed70f-b65c-41bc-8cec-84c29c082cfd;NULL;NULL;2023-05-11 13:32:05.5398
NULL;NULL;NULL;NULL;NULL;anonymous;End Goblin Turn;10282;NULL;NULL;NULL;NULL;NULL;NULL;NULL;177ed70f-b65c-41bc-8cec-84c29c082cfd;NULL;NULL;2023-05-11 13:32:06.3407
NULL;NULL;NULL;NULL;NULL;anonymous;Start Player Turn;10283;NULL;NULL;NULL;5;NULL;NULL;TRUE;177ed70f-b65c-41bc-8cec-84c29c082cfd;NULL;NULL;2023-05-11 13:32:06.3589
NULL;NULL;NULL;NULL;NULL;anonymous;Player Moving;10357;NULL;NULL;NULL;NULL;NULL;NULL;NULL;177ed70f-b65c-41bc-8cec-84c29c082cfd;NULL;NULL;2023-05-11 13:32:08.1670
NULL;NULL;NULL;NULL;NULL;anonymous;End Player Turn;10446;NULL;NULL;NULL;5;NULL;NULL;FALSE;177ed70f-b65c-41bc-8cec-84c29c082cfd;NULL;NULL;2023-05-11 13:32:10.1805
NULL;NULL;NULL;NULL;NULL;anonymous;Start Goblin Turn;10446;NULL;NULL;NULL;5;NULL;NULL;FALSE;177ed70f-b65c-41bc-8cec-84c29c082cfd;NULL;NULL;2023-05-11 13:32:10.1810
NULL;NULL;NULL;NULL;NULL;anonymous;Start Goblin Turn;10457;NULL;NULL;NULL;5;NULL;NULL;FALSE;177ed70f-b65c-41bc-8cec-84c29c082cfd;NULL;NULL;2023-05-11 13:32:10.4275
NULL;NULL;NULL;NULL;NULL;anonymous;Start Goblin Turn;10513;NULL;NULL;NULL;5;NULL;NULL;FALSE;177ed70f-b65c-41bc-8cec-84c29c082cfd;NULL;NULL;2023-05-11 13:32:11.7097
NULL;NULL;NULL;NULL;NULL;anonymous;Start Goblin Turn;10515;NULL;NULL;NULL;5;NULL;NULL;FALSE;177ed70f-b65c-41bc-8cec-84c29c082cfd;NULL;NULL;2023-05-11 13:32:11.7447
NULL;NULL;NULL;NULL;NULL;anonymous;Start Goblin Turn;10538;NULL;NULL;NULL;5;NULL;NULL;FALSE;177ed70f-b65c-41bc-8cec-84c29c082cfd;NULL;NULL;2023-05-11 13:32:12.2631
NULL;NULL;NULL;NULL;NULL;anonymous;End Goblin Turn;10588;NULL;NULL;NULL;NULL;NULL;NULL;NULL;177ed70f-b65c-41bc-8cec-84c29c082cfd;NULL;NULL;2023-05-11 13:32:13.4155
NULL;NULL;NULL;NULL;NULL;anonymous;Start Player Turn;10589;NULL;NULL;NULL;6;NULL;NULL;TRUE;177ed70f-b65c-41bc-8cec-84c29c082cfd;NULL;NULL;2023-05-11 13:32:13.4285
2;NULL;NULL;NULL;NULL;anonymous;Player Attacking;10639;NULL;NULL;NULL;NULL;NULL;NULL;NULL;177ed70f-b65c-41bc-8cec-84c29c082cfd;NULL;NULL;2023-05-11 13:32:14.7341
NULL;NULL;NULL;NULL;NULL;anonymous;Goblin Death;10671;NULL;Goblin 2 Variant;NULL;NULL;NULL;NULL;NULL;177ed70f-b65c-41bc-8cec-84c29c082cfd;NULL;NULL;2023-05-11 13:32:15.5650
NULL;NULL;NULL;NULL;NULL;anonymous;Player Moving;10703;NULL;NULL;NULL;NULL;NULL;NULL;NULL;177ed70f-b65c-41bc-8cec-84c29c082cfd;NULL;NULL;2023-05-11 13:32:16.3950
NULL;NULL;NULL;NULL;NULL;anonymous;Start Player Turn;10711;NULL;NULL;NULL;7;NULL;NULL;TRUE;177ed70f-b65c-41bc-8cec-84c29c082cfd;NULL;NULL;2023-05-11 13:32:16.5810
NULL;NULL;NULL;NULL;NULL;anonymous;End Player Turn;10788;NULL;NULL;NULL;7;NULL;NULL;FALSE;177ed70f-b65c-41bc-8cec-84c29c082cfd;NULL;NULL;2023-05-11 13:32:18.4519
NULL;NULL;NULL;NULL;NULL;anonymous;Start Goblin Turn;10790;NULL;NULL;NULL;7;NULL;NULL;FALSE;177ed70f-b65c-41bc-8cec-84c29c082cfd;NULL;NULL;2023-05-11 13:32:18.4855
NULL;NULL;NULL;NULL;NULL;anonymous;Start Goblin Turn;10822;NULL;NULL;NULL;7;NULL;NULL;FALSE;177ed70f-b65c-41bc-8cec-84c29c082cfd;NULL;NULL;2023-05-11 13:32:19.2676
NULL;NULL;NULL;NULL;NULL;anonymous;Start Goblin Turn;10824;NULL;NULL;NULL;7;NULL;NULL;FALSE;177ed70f-b65c-41bc-8cec-84c29c082cfd;NULL;NULL;2023-05-11 13:32:19.3167
NULL;NULL;NULL;NULL;NULL;anonymous;Start Goblin Turn;10832;NULL;NULL;NULL;7;NULL;NULL;FALSE;177ed70f-b65c-41bc-8cec-84c29c082cfd;NULL;NULL;2023-05-11 13:32:19.5196
NULL;NULL;NULL;NULL;NULL;anonymous;End Goblin Turn;10855;NULL;NULL;NULL;NULL;NULL;NULL;NULL;177ed70f-b65c-41bc-8cec-84c29c082cfd;NULL;NULL;2023-05-11 13:32:20.1044
NULL;NULL;NULL;NULL;NULL;anonymous;Start Player Turn;10856;NULL;NULL;NULL;8;NULL;NULL;TRUE;177ed70f-b65c-41bc-8cec-84c29c082cfd;NULL;NULL;2023-05-11 13:32:20.1187
NULL;NULL;NULL;NULL;NULL;anonymous;Player Moving;10897;NULL;NULL;NULL;NULL;NULL;NULL;NULL;177ed70f-b65c-41bc-8cec-84c29c082cfd;NULL;NULL;2023-05-11 13:32:21.2507
NULL;NULL;NULL;NULL;NULL;anonymous;Player Moving;10943;NULL;NULL;NULL;NULL;NULL;NULL;NULL;177ed70f-b65c-41bc-8cec-84c29c082cfd;NULL;NULL;2023-05-11 13:32:22.3908
NULL;NULL;NULL;NULL;NULL;anonymous;End Player Turn;11006;NULL;NULL;NULL;8;NULL;NULL;FALSE;177ed70f-b65c-41bc-8cec-84c29c082cfd;NULL;NULL;2023-05-11 13:32:23.9204
NULL;NULL;NULL;NULL;NULL;anonymous;Start Goblin Turn;11008;NULL;NULL;NULL;8;NULL;NULL;FALSE;177ed70f-b65c-41bc-8cec-84c29c082cfd;NULL;NULL;2023-05-11 13:32:23.9716
NULL;NULL;NULL;NULL;NULL;anonymous;Start Goblin Turn;11030;NULL;NULL;NULL;8;NULL;NULL;FALSE;177ed70f-b65c-41bc-8cec-84c29c082cfd;NULL;NULL;2023-05-11 13:32:24.5064
NULL;NULL;NULL;NULL;NULL;anonymous;Start Goblin Turn;11032;NULL;NULL;NULL;8;NULL;NULL;FALSE;177ed70f-b65c-41bc-8cec-84c29c082cfd;NULL;NULL;2023-05-11 13:32:24.5552
NULL;NULL;NULL;NULL;NULL;anonymous;Start Goblin Turn;11092;NULL;NULL;NULL;8;NULL;NULL;FALSE;177ed70f-b65c-41bc-8cec-84c29c082cfd;NULL;NULL;2023-05-11 13:32:26.0607
NULL;NULL;NULL;NULL;NULL;anonymous;End Goblin Turn;11151;NULL;NULL;NULL;NULL;NULL;NULL;NULL;177ed70f-b65c-41bc-8cec-84c29c082cfd;NULL;NULL;2023-05-11 13:32:27.5591
NULL;NULL;NULL;NULL;NULL;anonymous;Start Player Turn;11152;NULL;NULL;NULL;9;NULL;NULL;TRUE;177ed70f-b65c-41bc-8cec-84c29c082cfd;NULL;NULL;2023-05-11 13:32:27.5749
NULL;NULL;NULL;NULL;NULL;anonymous;Player Moving;11172;NULL;NULL;NULL;NULL;NULL;NULL;NULL;177ed70f-b65c-41bc-8cec-84c29c082cfd;NULL;NULL;2023-05-11 13:32:28.1011
NULL;NULL;NULL;NULL;NULL;anonymous;End Player Turn;11222;NULL;NULL;NULL;9;NULL;NULL;FALSE;177ed70f-b65c-41bc-8cec-84c29c082cfd;NULL;NULL;2023-05-11 13:32:29.3924
NULL;NULL;NULL;NULL;NULL;anonymous;Start Goblin Turn;11224;NULL;NULL;NULL;9;NULL;NULL;FALSE;177ed70f-b65c-41bc-8cec-84c29c082cfd;NULL;NULL;2023-05-11 13:32:29.4427
NULL;NULL;NULL;NULL;NULL;anonymous;Start Goblin Turn;11248;NULL;NULL;NULL;9;NULL;NULL;FALSE;177ed70f-b65c-41bc-8cec-84c29c082cfd;NULL;NULL;2023-05-11 13:32:30.0588
NULL;NULL;NULL;NULL;NULL;anonymous;Start Goblin Turn;11250;NULL;NULL;NULL;9;NULL;NULL;FALSE;177ed70f-b65c-41bc-8cec-84c29c082cfd;NULL;NULL;2023-05-11 13:32:30.1090
NULL;NULL;NULL;NULL;NULL;anonymous;Start Goblin Turn;11277;NULL;NULL;NULL;9;NULL;NULL;FALSE;177ed70f-b65c-41bc-8cec-84c29c082cfd;NULL;NULL;2023-05-11 13:32:30.7926
NULL;NULL;NULL;NULL;NULL;anonymous;End Goblin Turn;11309;NULL;NULL;NULL;NULL;NULL;NULL;NULL;177ed70f-b65c-41bc-8cec-84c29c082cfd;NULL;NULL;2023-05-11 13:32:31.6118
NULL;NULL;NULL;NULL;NULL;anonymous;Start Player Turn;11310;NULL;NULL;NULL;10;NULL;NULL;TRUE;177ed70f-b65c-41bc-8cec-84c29c082cfd;NULL;NULL;2023-05-11 13:32:31.6275
NULL;NULL;NULL;NULL;NULL;anonymous;Player Moving;11458;NULL;NULL;NULL;NULL;NULL;NULL;NULL;177ed70f-b65c-41bc-8cec-84c29c082cfd;NULL;NULL;2023-05-11 13:32:35.7040
NULL;NULL;NULL;NULL;NULL;anonymous;Player Moving;11482;NULL;NULL;NULL;NULL;NULL;NULL;NULL;177ed70f-b65c-41bc-8cec-84c29c082cfd;NULL;NULL;2023-05-11 13:32:36.3863
NULL;NULL;NULL;NULL;NULL;anonymous;End Player Turn;11541;NULL;NULL;NULL;10;NULL;NULL;FALSE;177ed70f-b65c-41bc-8cec-84c29c082cfd;NULL;NULL;2023-05-11 13:32:38.0483
NULL;NULL;NULL;NULL;NULL;anonymous;Start Goblin Turn;11543;NULL;NULL;NULL;10;NULL;NULL;FALSE;177ed70f-b65c-41bc-8cec-84c29c082cfd;NULL;NULL;2023-05-11 13:32:38.0993
NULL;NULL;NULL;NULL;NULL;anonymous;Start Goblin Turn;11589;NULL;NULL;NULL;10;NULL;NULL;FALSE;177ed70f-b65c-41bc-8cec-84c29c082cfd;NULL;NULL;2023-05-11 13:32:39.2845
NULL;NULL;NULL;NULL;NULL;anonymous;Start Goblin Turn;11591;NULL;NULL;NULL;10;NULL;NULL;FALSE;177ed70f-b65c-41bc-8cec-84c29c082cfd;NULL;NULL;2023-05-11 13:32:39.3349
NULL;NULL;NULL;NULL;NULL;anonymous;Start Goblin Turn;11651;NULL;NULL;NULL;10;NULL;NULL;FALSE;177ed70f-b65c-41bc-8cec-84c29c082cfd;NULL;NULL;2023-05-11 13:32:40.8857
NULL;NULL;NULL;NULL;NULL;anonymous;End Goblin Turn;11685;NULL;NULL;NULL;NULL;NULL;NULL;NULL;177ed70f-b65c-41bc-8cec-84c29c082cfd;NULL;NULL;2023-05-11 13:32:41.7700
NULL;NULL;NULL;NULL;NULL;anonymous;Start Player Turn;11686;NULL;NULL;NULL;11;NULL;NULL;TRUE;177ed70f-b65c-41bc-8cec-84c29c082cfd;NULL;NULL;2023-05-11 13:32:41.7858
NULL;NULL;NULL;NULL;NULL;anonymous;Player Moving;11719;NULL;NULL;NULL;NULL;NULL;NULL;NULL;177ed70f-b65c-41bc-8cec-84c29c082cfd;NULL;NULL;2023-05-11 13:32:42.7119
NULL;NULL;NULL;NULL;NULL;anonymous;End Player Turn;11820;NULL;NULL;NULL;11;NULL;NULL;FALSE;177ed70f-b65c-41bc-8cec-84c29c082cfd;NULL;NULL;2023-05-11 13:32:45.2881
NULL;NULL;NULL;NULL;NULL;anonymous;Start Goblin Turn;11822;NULL;NULL;NULL;11;NULL;NULL;FALSE;177ed70f-b65c-41bc-8cec-84c29c082cfd;NULL;NULL;2023-05-11 13:32:45.3400
NULL;NULL;NULL;NULL;NULL;anonymous;Start Goblin Turn;11858;NULL;NULL;NULL;11;NULL;NULL;FALSE;177ed70f-b65c-41bc-8cec-84c29c082cfd;NULL;NULL;2023-05-11 13:32:46.2390
NULL;NULL;NULL;NULL;NULL;anonymous;Start Goblin Turn;11860;NULL;NULL;NULL;11;NULL;NULL;FALSE;177ed70f-b65c-41bc-8cec-84c29c082cfd;NULL;NULL;2023-05-11 13:32:46.2901
NULL;NULL;NULL;NULL;NULL;anonymous;Start Goblin Turn;11882;NULL;NULL;NULL;11;NULL;NULL;FALSE;177ed70f-b65c-41bc-8cec-84c29c082cfd;NULL;NULL;2023-05-11 13:32:46.8409
NULL;NULL;NULL;NULL;NULL;anonymous;End Goblin Turn;11917;NULL;NULL;NULL;NULL;NULL;NULL;NULL;177ed70f-b65c-41bc-8cec-84c29c082cfd;NULL;NULL;2023-05-11 13:32:47.7281
NULL;NULL;NULL;NULL;NULL;anonymous;Start Player Turn;11918;NULL;NULL;NULL;12;NULL;NULL;TRUE;177ed70f-b65c-41bc-8cec-84c29c082cfd;NULL;NULL;2023-05-11 13:32:47.7417
3;NULL;NULL;NULL;NULL;anonymous;Player Attacking;11987;NULL;NULL;NULL;NULL;NULL;NULL;NULL;177ed70f-b65c-41bc-8cec-84c29c082cfd;NULL;NULL;2023-05-11 13:32:49.6291
NULL;NULL;NULL;NULL;NULL;anonymous;Start Goblin Turn;12061;NULL;NULL;NULL;12;NULL;NULL;FALSE;177ed70f-b65c-41bc-8cec-84c29c082cfd;NULL;NULL;2023-05-11 13:32:51.7267
NULL;NULL;NULL;NULL;NULL;anonymous;Start Goblin Turn;12082;NULL;NULL;NULL;12;NULL;NULL;FALSE;177ed70f-b65c-41bc-8cec-84c29c082cfd;NULL;NULL;2023-05-11 13:32:52.2478
NULL;NULL;NULL;NULL;NULL;anonymous;Player Hurt;12091;NULL;NULL;NULL;NULL;17.0000;2.0000;NULL;177ed70f-b65c-41bc-8cec-84c29c082cfd;NULL;3;2023-05-11 13:32:52.4781
NULL;NULL;NULL;NULL;NULL;anonymous;Start Goblin Turn;12092;NULL;NULL;NULL;12;NULL;NULL;FALSE;177ed70f-b65c-41bc-8cec-84c29c082cfd;NULL;NULL;2023-05-11 13:32:52.4938
NULL;NULL;NULL;NULL;NULL;anonymous;Start Goblin Turn;12100;NULL;NULL;NULL;12;NULL;NULL;FALSE;177ed70f-b65c-41bc-8cec-84c29c082cfd;NULL;NULL;2023-05-11 13:32:52.7125
NULL;NULL;NULL;NULL;NULL;anonymous;End Goblin Turn;12132;NULL;NULL;NULL;NULL;NULL;NULL;NULL;177ed70f-b65c-41bc-8cec-84c29c082cfd;NULL;NULL;2023-05-11 13:32:53.5115
NULL;NULL;NULL;NULL;NULL;anonymous;Start Player Turn;12133;NULL;NULL;NULL;13;NULL;NULL;TRUE;177ed70f-b65c-41bc-8cec-84c29c082cfd;NULL;NULL;2023-05-11 13:32:53.5461
4;NULL;NULL;NULL;NULL;anonymous;Player Attacking;12199;NULL;NULL;NULL;NULL;NULL;NULL;NULL;177ed70f-b65c-41bc-8cec-84c29c082cfd;NULL;NULL;2023-05-11 13:32:55.3840
NULL;NULL;NULL;NULL;NULL;anonymous;Goblin Death;12227;NULL;Goblin 2 Variant (4);NULL;NULL;NULL;NULL;NULL;177ed70f-b65c-41bc-8cec-84c29c082cfd;NULL;NULL;2023-05-11 13:32:56.1892
NULL;NULL;NULL;NULL;NULL;anonymous;Start Goblin Turn;12267;NULL;NULL;NULL;13;NULL;NULL;FALSE;177ed70f-b65c-41bc-8cec-84c29c082cfd;NULL;NULL;2023-05-11 13:32:57.2491
NULL;NULL;NULL;NULL;NULL;anonymous;Start Goblin Turn;12295;NULL;NULL;NULL;13;NULL;NULL;FALSE;177ed70f-b65c-41bc-8cec-84c29c082cfd;NULL;NULL;2023-05-11 13:32:57.9660
NULL;NULL;NULL;NULL;NULL;anonymous;Start Goblin Turn;12357;NULL;NULL;NULL;13;NULL;NULL;FALSE;177ed70f-b65c-41bc-8cec-84c29c082cfd;NULL;NULL;2023-05-11 13:32:59.5166
NULL;NULL;NULL;NULL;NULL;anonymous;End Goblin Turn;12391;NULL;NULL;NULL;NULL;NULL;NULL;NULL;177ed70f-b65c-41bc-8cec-84c29c082cfd;NULL;NULL;2023-05-11 13:33:00.3711
NULL;NULL;NULL;NULL;NULL;anonymous;Start Player Turn;12392;NULL;NULL;NULL;14;NULL;NULL;TRUE;177ed70f-b65c-41bc-8cec-84c29c082cfd;NULL;NULL;2023-05-11 13:33:00.3844
NULL;NULL;NULL;NULL;NULL;anonymous;Player Moving;12444;NULL;NULL;NULL;NULL;NULL;NULL;NULL;177ed70f-b65c-41bc-8cec-84c29c082cfd;NULL;NULL;2023-05-11 13:33:01.7690
NULL;NULL;NULL;NULL;NULL;anonymous;End Player Turn;12572;NULL;NULL;NULL;14;NULL;NULL;FALSE;177ed70f-b65c-41bc-8cec-84c29c082cfd;NULL;NULL;2023-05-11 13:33:04.9710
NULL;NULL;NULL;NULL;NULL;anonymous;Start Goblin Turn;12574;NULL;NULL;NULL;14;NULL;NULL;FALSE;177ed70f-b65c-41bc-8cec-84c29c082cfd;NULL;NULL;2023-05-11 13:33:05.0240
NULL;NULL;NULL;NULL;NULL;anonymous;Start Goblin Turn;12632;NULL;NULL;NULL;14;NULL;NULL;FALSE;177ed70f-b65c-41bc-8cec-84c29c082cfd;NULL;NULL;2023-05-11 13:33:06.4222
NULL;NULL;NULL;NULL;NULL;anonymous;Start Goblin Turn;12660;NULL;NULL;NULL;14;NULL;NULL;FALSE;177ed70f-b65c-41bc-8cec-84c29c082cfd;NULL;NULL;2023-05-11 13:33:07.1268
NULL;NULL;NULL;NULL;NULL;anonymous;End Goblin Turn;12694;NULL;NULL;NULL;NULL;NULL;NULL;NULL;177ed70f-b65c-41bc-8cec-84c29c082cfd;NULL;NULL;2023-05-11 13:33:07.9617
NULL;NULL;NULL;NULL;NULL;anonymous;Start Player Turn;12695;NULL;NULL;NULL;15;NULL;NULL;TRUE;177ed70f-b65c-41bc-8cec-84c29c082cfd;NULL;NULL;2023-05-11 13:33:07.9759
NULL;NULL;0.8229;ReceivingData;NULL;anonymous;MotorImagery;12927;NULL;NULL;5;NULL;NULL;NULL;NULL;177ed70f-b65c-41bc-8cec-84c29c082cfd;NULL;NULL;2023-05-11 13:33:13.6974
NULL;NULL;NULL;NULL;(0.844 0.828 0.823 0.713 0.796 0.833 0.843 0.851 );anonymous;NULL;12927;NULL;NULL;NULL;NULL;NULL;NULL;NULL;177ed70f-b65c-41bc-8cec-84c29c082cfd;NULL;NULL;2023-05-11 13:33:13.6994
NULL;NULL;NULL;NULL;NULL;anonymous;RegenMana;12927;NULL;NULL;NULL;NULL;17.0000;0.0000;NULL;177ed70f-b65c-41bc-8cec-84c29c082cfd;NULL;3;2023-05-11 13:33:13.7024
NULL;5;NULL;NULL;NULL;anonymous;BciSuccess;12927;NULL;NULL;NULL;NULL;NULL;NULL;NULL;177ed70f-b65c-41bc-8cec-84c29c082cfd;TRUE;NULL;2023-05-11 13:33:13.7024
NULL;6;NULL;NULL;NULL;anonymous;BciFail;13454;NULL;NULL;NULL;NULL;NULL;NULL;NULL;177ed70f-b65c-41bc-8cec-84c29c082cfd;FALSE;NULL;2023-05-11 13:33:26.6224
NULL;NULL;0.8229;ReceivingData;NULL;anonymous;MotorImagery;13731;NULL;NULL;6;NULL;NULL;NULL;NULL;177ed70f-b65c-41bc-8cec-84c29c082cfd;NULL;NULL;2023-05-11 13:33:33.6484
NULL;NULL;NULL;NULL;(0.844 0.828 0.823 0.713 0.796 0.833 0.843 0.851 );anonymous;NULL;13731;NULL;NULL;NULL;NULL;NULL;NULL;NULL;177ed70f-b65c-41bc-8cec-84c29c082cfd;NULL;NULL;2023-05-11 13:33:33.6499
NULL;NULL;NULL;NULL;NULL;anonymous;RegenMana;13731;NULL;NULL;NULL;NULL;17.0000;2.0000;NULL;177ed70f-b65c-41bc-8cec-84c29c082cfd;NULL;3;2023-05-11 13:33:33.6526
NULL;7;NULL;NULL;NULL;anonymous;BciSuccess;13731;NULL;NULL;NULL;NULL;NULL;NULL;NULL;177ed70f-b65c-41bc-8cec-84c29c082cfd;TRUE;NULL;2023-05-11 13:33:33.6541
NULL;NULL;0.8229;ReceivingData;NULL;anonymous;MotorImagery;14050;NULL;NULL;7;NULL;NULL;NULL;NULL;177ed70f-b65c-41bc-8cec-84c29c082cfd;NULL;NULL;2023-05-11 13:33:41.3859
NULL;NULL;NULL;NULL;(0.844 0.828 0.823 0.713 0.796 0.833 0.843 0.851 );anonymous;NULL;14050;NULL;NULL;NULL;NULL;NULL;NULL;NULL;177ed70f-b65c-41bc-8cec-84c29c082cfd;NULL;NULL;2023-05-11 13:33:41.3869
NULL;NULL;NULL;NULL;NULL;anonymous;RegenMana;14050;NULL;NULL;NULL;NULL;17.0000;4.0000;NULL;177ed70f-b65c-41bc-8cec-84c29c082cfd;NULL;3;2023-05-11 13:33:41.3880
NULL;8;NULL;NULL;NULL;anonymous;BciSuccess;14050;NULL;NULL;NULL;NULL;NULL;NULL;NULL;177ed70f-b65c-41bc-8cec-84c29c082cfd;TRUE;NULL;2023-05-11 13:33:41.3885
NULL;NULL;0.8229;ReceivingData;NULL;anonymous;MotorImagery;14352;NULL;NULL;8;NULL;NULL;NULL;NULL;177ed70f-b65c-41bc-8cec-84c29c082cfd;NULL;NULL;2023-05-11 13:33:49.0103
NULL;NULL;NULL;NULL;(0.844 0.828 0.823 0.713 0.796 0.833 0.843 0.851 );anonymous;NULL;14352;NULL;NULL;NULL;NULL;NULL;NULL;NULL;177ed70f-b65c-41bc-8cec-84c29c082cfd;NULL;NULL;2023-05-11 13:33:49.0118
NULL;NULL;NULL;NULL;NULL;anonymous;RegenMana;14352;NULL;NULL;NULL;NULL;17.0000;6.0000;NULL;177ed70f-b65c-41bc-8cec-84c29c082cfd;NULL;3;2023-05-11 13:33:49.0123
NULL;9;NULL;NULL;NULL;anonymous;BciSuccess;14352;NULL;NULL;NULL;NULL;NULL;NULL;NULL;177ed70f-b65c-41bc-8cec-84c29c082cfd;TRUE;NULL;2023-05-11 13:33:49.0129
NULL;NULL;NULL;NULL;NULL;anonymous;Start Goblin Turn;14413;NULL;NULL;NULL;15;NULL;NULL;FALSE;177ed70f-b65c-41bc-8cec-84c29c082cfd;NULL;NULL;2023-05-11 13:33:50.5763
NULL;NULL;NULL;NULL;NULL;anonymous;Start Goblin Turn;14477;NULL;NULL;NULL;15;NULL;NULL;FALSE;177ed70f-b65c-41bc-8cec-84c29c082cfd;NULL;NULL;2023-05-11 13:33:52.1290
NULL;NULL;NULL;NULL;NULL;anonymous;Start Goblin Turn;14537;NULL;NULL;NULL;15;NULL;NULL;FALSE;177ed70f-b65c-41bc-8cec-84c29c082cfd;NULL;NULL;2023-05-11 13:33:53.5627
NULL;NULL;NULL;NULL;NULL;anonymous;End Goblin Turn;14582;NULL;NULL;NULL;NULL;NULL;NULL;NULL;177ed70f-b65c-41bc-8cec-84c29c082cfd;NULL;NULL;2023-05-11 13:33:54.6813
NULL;NULL;NULL;NULL;NULL;anonymous;Start Player Turn;14583;NULL;NULL;NULL;16;NULL;NULL;TRUE;177ed70f-b65c-41bc-8cec-84c29c082cfd;NULL;NULL;2023-05-11 13:33:54.7142
NULL;NULL;NULL;NULL;NULL;anonymous;Player Moving;14600;NULL;NULL;NULL;NULL;NULL;NULL;NULL;177ed70f-b65c-41bc-8cec-84c29c082cfd;NULL;NULL;2023-05-11 13:33:55.1793
NULL;NULL;NULL;NULL;NULL;anonymous;End Player Turn;14742;NULL;NULL;NULL;16;NULL;NULL;FALSE;177ed70f-b65c-41bc-8cec-84c29c082cfd;NULL;NULL;2023-05-11 13:33:58.8338
NULL;NULL;NULL;NULL;NULL;anonymous;Start Goblin Turn;14744;NULL;NULL;NULL;16;NULL;NULL;FALSE;177ed70f-b65c-41bc-8cec-84c29c082cfd;NULL;NULL;2023-05-11 13:33:58.8837
NULL;NULL;NULL;NULL;NULL;anonymous;Start Goblin Turn;14803;NULL;NULL;NULL;16;NULL;NULL;FALSE;177ed70f-b65c-41bc-8cec-84c29c082cfd;NULL;NULL;2023-05-11 13:34:00.4189
NULL;NULL;NULL;NULL;NULL;anonymous;Start Goblin Turn;14823;NULL;NULL;NULL;16;NULL;NULL;FALSE;177ed70f-b65c-41bc-8cec-84c29c082cfd;NULL;NULL;2023-05-11 13:34:00.9507
NULL;NULL;NULL;NULL;NULL;anonymous;End Goblin Turn;14856;NULL;NULL;NULL;NULL;NULL;NULL;NULL;177ed70f-b65c-41bc-8cec-84c29c082cfd;NULL;NULL;2023-05-11 13:34:01.8179
NULL;NULL;NULL;NULL;NULL;anonymous;Start Player Turn;14857;NULL;NULL;NULL;17;NULL;NULL;TRUE;177ed70f-b65c-41bc-8cec-84c29c082cfd;NULL;NULL;2023-05-11 13:34:01.8538
NULL;NULL;NULL;NULL;NULL;anonymous;Player Moving;14938;NULL;NULL;NULL;NULL;NULL;NULL;NULL;177ed70f-b65c-41bc-8cec-84c29c082cfd;NULL;NULL;2023-05-11 13:34:04.0838
NULL;NULL;NULL;NULL;NULL;anonymous;End Player Turn;15071;NULL;NULL;NULL;17;NULL;NULL;FALSE;177ed70f-b65c-41bc-8cec-84c29c082cfd;NULL;NULL;2023-05-11 13:34:07.4573
NULL;NULL;NULL;NULL;NULL;anonymous;Start Goblin Turn;15073;NULL;NULL;NULL;17;NULL;NULL;FALSE;177ed70f-b65c-41bc-8cec-84c29c082cfd;NULL;NULL;2023-05-11 13:34:07.5096
NULL;NULL;NULL;NULL;NULL;anonymous;Start Goblin Turn;15108;NULL;NULL;NULL;17;NULL;NULL;FALSE;177ed70f-b65c-41bc-8cec-84c29c082cfd;NULL;NULL;2023-05-11 13:34:08.3602
NULL;NULL;NULL;NULL;NULL;anonymous;Start Goblin Turn;15116;NULL;NULL;NULL;17;NULL;NULL;FALSE;177ed70f-b65c-41bc-8cec-84c29c082cfd;NULL;NULL;2023-05-11 13:34:08.5592
NULL;NULL;NULL;NULL;NULL;anonymous;End Goblin Turn;15147;NULL;NULL;NULL;NULL;NULL;NULL;NULL;177ed70f-b65c-41bc-8cec-84c29c082cfd;NULL;NULL;2023-05-11 13:34:09.3096
NULL;NULL;NULL;NULL;NULL;anonymous;Start Player Turn;15148;NULL;NULL;NULL;18;NULL;NULL;TRUE;177ed70f-b65c-41bc-8cec-84c29c082cfd;NULL;NULL;2023-05-11 13:34:09.3258
5;NULL;NULL;NULL;NULL;anonymous;Player Attacking;15233;NULL;NULL;NULL;NULL;NULL;NULL;NULL;177ed70f-b65c-41bc-8cec-84c29c082cfd;NULL;NULL;2023-05-11 13:34:11.5294
NULL;NULL;NULL;NULL;NULL;anonymous;Goblin Death;15270;NULL;Goblin 2 Variant (3);NULL;NULL;NULL;NULL;NULL;177ed70f-b65c-41bc-8cec-84c29c082cfd;NULL;NULL;2023-05-11 13:34:12.5138
NULL;NULL;NULL;NULL;NULL;anonymous;Player Moving;15304;NULL;NULL;NULL;NULL;NULL;NULL;NULL;177ed70f-b65c-41bc-8cec-84c29c082cfd;NULL;NULL;2023-05-11 13:34:13.4254
NULL;NULL;NULL;NULL;NULL;anonymous;Start Goblin Turn;15311;NULL;NULL;NULL;18;NULL;NULL;FALSE;177ed70f-b65c-41bc-8cec-84c29c082cfd;NULL;NULL;2023-05-11 13:34:13.6122
NULL;NULL;NULL;NULL;NULL;anonymous;Start Goblin Turn;15331;NULL;NULL;NULL;18;NULL;NULL;FALSE;177ed70f-b65c-41bc-8cec-84c29c082cfd;NULL;NULL;2023-05-11 13:34:14.1311
NULL;NULL;NULL;NULL;NULL;anonymous;End Goblin Turn;15392;NULL;NULL;NULL;NULL;NULL;NULL;NULL;177ed70f-b65c-41bc-8cec-84c29c082cfd;NULL;NULL;2023-05-11 13:34:15.6469
NULL;NULL;NULL;NULL;NULL;anonymous;Start Player Turn;15393;NULL;NULL;NULL;19;NULL;NULL;TRUE;177ed70f-b65c-41bc-8cec-84c29c082cfd;NULL;NULL;2023-05-11 13:34:15.6647
NULL;NULL;NULL;NULL;NULL;anonymous;Player Moving;15466;NULL;NULL;NULL;NULL;NULL;NULL;NULL;177ed70f-b65c-41bc-8cec-84c29c082cfd;NULL;NULL;2023-05-11 13:34:17.5769
NULL;NULL;NULL;NULL;NULL;anonymous;End Player Turn;15576;NULL;NULL;NULL;19;NULL;NULL;FALSE;177ed70f-b65c-41bc-8cec-84c29c082cfd;NULL;NULL;2023-05-11 13:34:20.3858
NULL;NULL;NULL;NULL;NULL;anonymous;Start Goblin Turn;15578;NULL;NULL;NULL;19;NULL;NULL;FALSE;177ed70f-b65c-41bc-8cec-84c29c082cfd;NULL;NULL;2023-05-11 13:34:20.4361
NULL;NULL;NULL;NULL;NULL;anonymous;Start Goblin Turn;15602;NULL;NULL;NULL;19;NULL;NULL;FALSE;177ed70f-b65c-41bc-8cec-84c29c082cfd;NULL;NULL;2023-05-11 13:34:21.0692
NULL;NULL;NULL;NULL;NULL;anonymous;Player Hurt;15631;NULL;NULL;NULL;NULL;16.0000;6.0000;NULL;177ed70f-b65c-41bc-8cec-84c29c082cfd;NULL;4;2023-05-11 13:34:21.8010
NULL;NULL;NULL;NULL;NULL;anonymous;End Goblin Turn;15632;NULL;NULL;NULL;NULL;NULL;NULL;NULL;177ed70f-b65c-41bc-8cec-84c29c082cfd;NULL;NULL;2023-05-11 13:34:21.8357
NULL;NULL;NULL;NULL;NULL;anonymous;Start Player Turn;15633;NULL;NULL;NULL;20;NULL;NULL;TRUE;177ed70f-b65c-41bc-8cec-84c29c082cfd;NULL;NULL;2023-05-11 13:34:21.8521
6;NULL;NULL;NULL;NULL;anonymous;Player Attacking;15695;NULL;NULL;NULL;NULL;NULL;NULL;NULL;177ed70f-b65c-41bc-8cec-84c29c082cfd;NULL;NULL;2023-05-11 13:34:23.6251
NULL;NULL;NULL;NULL;NULL;anonymous;Start Goblin Turn;15764;NULL;NULL;NULL;20;NULL;NULL;FALSE;177ed70f-b65c-41bc-8cec-84c29c082cfd;NULL;NULL;2023-05-11 13:34:25.5044
NULL;NULL;NULL;NULL;NULL;anonymous;Start Goblin Turn;15810;NULL;NULL;NULL;20;NULL;NULL;FALSE;177ed70f-b65c-41bc-8cec-84c29c082cfd;NULL;NULL;2023-05-11 13:34:26.7057
NULL;NULL;NULL;NULL;NULL;anonymous;Player Hurt;15812;NULL;NULL;NULL;NULL;15.0000;4.0000;NULL;177ed70f-b65c-41bc-8cec-84c29c082cfd;NULL;5;2023-05-11 13:34:26.7569
NULL;NULL;NULL;NULL;NULL;anonymous;End Goblin Turn;15813;NULL;NULL;NULL;NULL;NULL;NULL;NULL;177ed70f-b65c-41bc-8cec-84c29c082cfd;NULL;NULL;2023-05-11 13:34:26.7890
NULL;NULL;NULL;NULL;NULL;anonymous;Start Player Turn;15814;NULL;NULL;NULL;21;NULL;NULL;TRUE;177ed70f-b65c-41bc-8cec-84c29c082cfd;NULL;NULL;2023-05-11 13:34:26.8073
7;NULL;NULL;NULL;NULL;anonymous;Player Attacking;15872;NULL;NULL;NULL;NULL;NULL;NULL;NULL;177ed70f-b65c-41bc-8cec-84c29c082cfd;NULL;NULL;2023-05-11 13:34:28.4287
NULL;NULL;NULL;NULL;NULL;anonymous;Goblin Death;15900;NULL;Goblin 2 Variant (5);NULL;NULL;NULL;NULL;NULL;177ed70f-b65c-41bc-8cec-84c29c082cfd;NULL;NULL;2023-05-11 13:34:29.2258
NULL;NULL;NULL;NULL;NULL;anonymous;Start Goblin Turn;15942;NULL;NULL;NULL;21;NULL;NULL;FALSE;177ed70f-b65c-41bc-8cec-84c29c082cfd;NULL;NULL;2023-05-11 13:34:30.2922
NULL;NULL;NULL;NULL;NULL;anonymous;End Goblin Turn;15978;NULL;NULL;NULL;NULL;NULL;NULL;NULL;177ed70f-b65c-41bc-8cec-84c29c082cfd;NULL;NULL;2023-05-11 13:34:31.2092
NULL;NULL;NULL;NULL;NULL;anonymous;Start Player Turn;15979;NULL;NULL;NULL;22;NULL;NULL;TRUE;177ed70f-b65c-41bc-8cec-84c29c082cfd;NULL;NULL;2023-05-11 13:34:31.2303
NULL;NULL;NULL;NULL;NULL;anonymous;Player Moving;16047;NULL;NULL;NULL;NULL;NULL;NULL;NULL;177ed70f-b65c-41bc-8cec-84c29c082cfd;NULL;NULL;2023-05-11 13:34:33.1550
NULL;NULL;NULL;NULL;NULL;anonymous;End Player Turn;16170;NULL;NULL;NULL;22;NULL;NULL;FALSE;177ed70f-b65c-41bc-8cec-84c29c082cfd;NULL;NULL;2023-05-11 13:34:36.3664
NULL;NULL;NULL;NULL;NULL;anonymous;Start Goblin Turn;16172;NULL;NULL;NULL;22;NULL;NULL;FALSE;177ed70f-b65c-41bc-8cec-84c29c082cfd;NULL;NULL;2023-05-11 13:34:36.4147
NULL;NULL;NULL;NULL;NULL;anonymous;End Goblin Turn;16195;NULL;NULL;NULL;NULL;NULL;NULL;NULL;177ed70f-b65c-41bc-8cec-84c29c082cfd;NULL;NULL;2023-05-11 13:34:37.0316
NULL;NULL;NULL;NULL;NULL;anonymous;Start Player Turn;16196;NULL;NULL;NULL;23;NULL;NULL;TRUE;177ed70f-b65c-41bc-8cec-84c29c082cfd;NULL;NULL;2023-05-11 13:34:37.0676
NULL;NULL;NULL;NULL;NULL;anonymous;Player Moving;16225;NULL;NULL;NULL;NULL;NULL;NULL;NULL;177ed70f-b65c-41bc-8cec-84c29c082cfd;NULL;NULL;2023-05-11 13:34:37.9283
NULL;NULL;NULL;NULL;NULL;anonymous;End Player Turn;16324;NULL;NULL;NULL;23;NULL;NULL;FALSE;177ed70f-b65c-41bc-8cec-84c29c082cfd;NULL;NULL;2023-05-11 13:34:40.5498
NULL;NULL;NULL;NULL;NULL;anonymous;Start Goblin Turn;16326;NULL;NULL;NULL;23;NULL;NULL;FALSE;177ed70f-b65c-41bc-8cec-84c29c082cfd;NULL;NULL;2023-05-11 13:34:40.6005
NULL;NULL;NULL;NULL;NULL;anonymous;End Goblin Turn;16358;NULL;NULL;NULL;NULL;NULL;NULL;NULL;177ed70f-b65c-41bc-8cec-84c29c082cfd;NULL;NULL;2023-05-11 13:34:41.4027
NULL;NULL;NULL;NULL;NULL;anonymous;Start Player Turn;16359;NULL;NULL;NULL;24;NULL;NULL;TRUE;177ed70f-b65c-41bc-8cec-84c29c082cfd;NULL;NULL;2023-05-11 13:34:41.4368
8;NULL;NULL;NULL;NULL;anonymous;Player Attacking;16437;NULL;NULL;NULL;NULL;NULL;NULL;NULL;177ed70f-b65c-41bc-8cec-84c29c082cfd;NULL;NULL;2023-05-11 13:34:43.6739
NULL;NULL;NULL;NULL;NULL;anonymous;Goblin Death;16471;NULL;Goblin 2 Variant (2);NULL;NULL;NULL;NULL;NULL;177ed70f-b65c-41bc-8cec-84c29c082cfd;NULL;NULL;2023-05-11 13:34:44.6583
NULL;NULL;NULL;NULL;NULL;anonymous;End Goblin Turn;16512;NULL;NULL;NULL;NULL;NULL;NULL;NULL;177ed70f-b65c-41bc-8cec-84c29c082cfd;NULL;NULL;2023-05-11 13:34:45.8390
NULL;NULL;NULL;NULL;NULL;anonymous;Start Player Turn;16513;NULL;NULL;NULL;25;NULL;NULL;TRUE;177ed70f-b65c-41bc-8cec-84c29c082cfd;NULL;NULL;2023-05-11 13:34:45.8741
